{
	"exported_object_classes": [
		"thorHammer_387"
	],
	"exported_objects": [
		{
			"class": "thorHammer_387",
			"segmentation_class_id": 255,
			"segmentation_instance_id": 0,
			"fixed_model_transform": [
				[ 0.033300001174211502, -0.99279999732971191, 0.11469999700784683, 0 ],
				[ 0.91689997911453247, -0.015300000086426735, -0.39879998564720154, 0 ],
				[ 0.39770001173019409, 0.11840000003576279, 0.90979999303817749, 0 ],
				[ 0.25670000910758972, -4.2993001937866211, 45.355701446533203, 1 ]
			],
			"cuboid_dimensions": [ 8.1920995712280273, 38.728199005126953, 13.551199913024902 ]
		}
	]
}